Date,ID de l'offre,Titre de l'offre,URL de l'offre
2025-06-24 13:49:20,,"Offre n° 194HLTG
Développeur Full Stack / DevOps (H/F)",https://candidat.francetravail.fr/candidature/postulerenligne/194HLTG
2025-06-24 13:49:51,,"Offre n° 194HCLW
Développeur SAS Qlikview (H/F)",https://candidat.francetravail.fr/candidature/postulerenligne/194HCLW
2025-06-24 13:59:14,,"Offre n° 194HCBY
Développeur COBOL (H/F)",https://candidat.francetravail.fr/candidature/postulerenligne/194HCBY
2025-06-24 13:59:43,,"Offre n° 194HBYR
Développeur Java (H/F)",https://candidat.francetravail.fr/candidature/postulerenligne/194HBYR
2025-06-24 14:00:12,,"Offre n° 194GVBP
Développeur(euse) (H/F)",https://candidat.francetravail.fr/candidature/postulerenligne/194GVBP
2025-06-24 14:00:42,,"Offre n° 194FNZT
Lead Developpeur Iot/Fullstack (H/F)",https://candidat.francetravail.fr/candidature/postulerenligne/194FNZT
2025-06-24 14:01:10,,"Offre n° 194FNTV
Developpeur Php Moodle F/H (H/F)",https://candidat.francetravail.fr/candidature/postulerenligne/194FNTV
2025-06-24 14:01:41,,"Offre n° 194CWXM
Développeur / Développeuse web (H/F)",https://candidat.francetravail.fr/candidature/postulerenligne/194CWXM
2025-06-24 14:02:11,,"Offre n° 193ZYNY
Développeur Java Back-End (H/F)",https://candidat.francetravail.fr/candidature/postulerenligne/193ZYNY
2025-06-24 14:02:39,,"Offre n° 193ZQSS
Développeur / Développeuse web (H/F)",https://candidat.francetravail.fr/candidature/postulerenligne/193ZQSS
2025-06-24 14:03:07,,"Offre n° 193ZNRM
Développeur WINDEV (H/F)",https://candidat.francetravail.fr/candidature/postulerenligne/193ZNRM
2025-06-24 14:03:53,,"Offre n° 193XJQQ
Developpeur Full Stack H/F (H/F)",https://candidat.francetravail.fr/candidature/postulerenligne/193XJQQ
2025-06-24 14:04:24,,"Offre n° 193XJNJ
Developpeur Full Stack H/F (H/F)",https://candidat.francetravail.fr/candidature/postulerenligne/193XJNJ
2025-06-24 14:04:54,,"Offre n° 193XJCG
Développeur Python / AngularJS SENIOR H/F (H/F)",https://candidat.francetravail.fr/candidature/postulerenligne/193XJCG
2025-06-24 14:30:29,,"Offre n° 194HWTH
Serveur / Serveuse de restaurant (H/F)",https://candidat.francetravail.fr/candidature/postulerenligne/194HWTH
2025-06-24 14:30:58,,"Offre n° 194GYPD
Serveuse/Serveur/Barman (H/F)",https://candidat.francetravail.fr/candidature/postulerenligne/194GYPD
2025-06-24 14:31:27,,"Offre n° 194GLVD
SERVEUR/SERVEUSE (H/F)",https://candidat.francetravail.fr/candidature/postulerenligne/194GLVD
2025-06-24 14:31:56,,"Offre n° 194FYGL
Serveur brasserie (H/F)",https://candidat.francetravail.fr/candidature/postulerenligne/194FYGL
2025-06-24 14:32:24,,"Offre n° 194DDWG
Serveur limonadier / Serveuse limonadière (H/F)",https://candidat.francetravail.fr/candidature/postulerenligne/194DDWG
2025-06-24 14:32:54,,"Offre n° 194CYGF
Serveur / Serveuse de restaurant H/F",https://candidat.francetravail.fr/candidature/postulerenligne/194CYGF
2025-06-24 14:33:22,,"Offre n° 194CDKM
Serveur / Serveuse de salon de thé (H/F)",https://candidat.francetravail.fr/candidature/postulerenligne/194CDKM
2025-06-24 14:33:52,,"Offre n° 194CDHR
Serveur (H/F) chez Stévenot Rotisseries (H/F)",https://candidat.francetravail.fr/candidature/postulerenligne/194CDHR
2025-06-24 14:34:20,,"Offre n° 194BLBD
Serveur / Serveuse (H/F)",https://candidat.francetravail.fr/candidature/postulerenligne/194BLBD
2025-06-24 14:34:50,,"Offre n° 193ZPKZ
Serveur / Serveuse de restaurant (H/F)",https://candidat.francetravail.fr/candidature/postulerenligne/193ZPKZ
